{
  "location": {
    "precision": 0.9230769230769231,
    "recall": 0.7741935483870968,
    "f1-score": 0.8421052631578947,
    "support": 31,
    "confused_with": {}
  },
  "professional_type": {
    "precision": 0.5,
    "recall": 0.25,
    "f1-score": 0.3333333333333333,
    "support": 4,
    "confused_with": {
      "service_type": 1
    }
  },
  "facility_type": {
    "precision": 0.0,
    "recall": 0.0,
    "f1-score": 0.0,
    "support": 7,
    "confused_with": {}
  },
  "mood_type": {
    "precision": 0.8194444444444444,
    "recall": 0.6629213483146067,
    "f1-score": 0.732919254658385,
    "support": 89,
    "confused_with": {}
  },
  "service_type": {
    "precision": 0.6666666666666666,
    "recall": 0.4,
    "f1-score": 0.5,
    "support": 5,
    "confused_with": {
      "professional_type": 1
    }
  },
  "micro avg": {
    "precision": 0.8349514563106796,
    "recall": 0.6323529411764706,
    "f1-score": 0.7196652719665271,
    "support": 136
  },
  "macro avg": {
    "precision": 0.5818376068376068,
    "recall": 0.41742297934034067,
    "f1-score": 0.48167157022992263,
    "support": 136
  },
  "weighted avg": {
    "precision": 0.7858770110608345,
    "recall": 0.6323529411764706,
    "f1-score": 0.6997677217340025,
    "support": 136
  }
}