{
  "suicide": {
    "precision": 0.5454545454545454,
    "recall": 0.8,
    "f1-score": 0.6486486486486486,
    "support": 15,
    "confused_with": {
      "mood_great": 2,
      "wanting_safety": 1
    }
  },
  "search_provider": {
    "precision": 0.7857142857142857,
    "recall": 0.8461538461538461,
    "f1-score": 0.8148148148148148,
    "support": 13,
    "confused_with": {
      "wanting_safety": 1,
      "mood_unhappy": 1
    }
  },
  "deny": {
    "precision": 0.5,
    "recall": 0.2857142857142857,
    "f1-score": 0.36363636363636365,
    "support": 7,
    "confused_with": {
      "suicide": 2,
      "mood_unhappy": 2
    }
  },
  "wanting_safety": {
    "precision": 0.6363636363636364,
    "recall": 0.7777777777777778,
    "f1-score": 0.7000000000000001,
    "support": 9,
    "confused_with": {
      "suicide": 2
    }
  },
  "affirm": {
    "precision": 0.0,
    "recall": 0.0,
    "f1-score": 0.0,
    "support": 6,
    "confused_with": {
      "suicide": 2,
      "mood_unhappy": 2,
      "mood_great": 1
    }
  },
  "goodbye": {
    "precision": 0.7142857142857143,
    "recall": 0.5,
    "f1-score": 0.588235294117647,
    "support": 10,
    "confused_with": {
      "mood_great": 2,
      "wanting_safety": 1
    }
  },
  "location_info": {
    "precision": 0.9583333333333334,
    "recall": 1.0,
    "f1-score": 0.9787234042553191,
    "support": 23,
    "confused_with": {}
  },
  "mood_great": {
    "precision": 0.7083333333333334,
    "recall": 0.7727272727272727,
    "f1-score": 0.7391304347826088,
    "support": 22,
    "confused_with": {
      "mood_unhappy": 3,
      "suicide": 2
    }
  },
  "greet": {
    "precision": 0.8,
    "recall": 0.5714285714285714,
    "f1-score": 0.6666666666666666,
    "support": 7,
    "confused_with": {
      "suicide": 1,
      "location_info": 1
    }
  },
  "want_to_talk": {
    "precision": 1.0,
    "recall": 0.5714285714285714,
    "f1-score": 0.7272727272727273,
    "support": 7,
    "confused_with": {
      "suicide": 1,
      "search_provider": 1
    }
  },
  "mood_unhappy": {
    "precision": 0.7575757575757576,
    "recall": 0.8064516129032258,
    "f1-score": 0.7812499999999999,
    "support": 31,
    "confused_with": {
      "mood_great": 2,
      "wanting_safety": 1
    }
  },
  "accuracy": 0.7333333333333333,
  "macro avg": {
    "precision": 0.6732782369146005,
    "recall": 0.6301529034666864,
    "f1-score": 0.6371253049267996,
    "support": 150
  },
  "weighted avg": {
    "precision": 0.7231738816738816,
    "recall": 0.7333333333333333,
    "f1-score": 0.7186530895307922,
    "support": 150
  }
}